PLAYER,TEAM,INJURY1,INJURY2,STATUS,DATE1,DATE2,DAYS,CASH EARNED,first_name,last_name,key_mlbam,key_retro,key_bbref,key_fangraphs,mlb_played_first,mlb_played_last,DATE1_NEW,DATE2_NEW,Year
Dylan Covey,CHW,Shoulder,Shoulder,10-day,6/6 - 7/13,9/16 - 9/29,52,"$159,640 ",dylan,covey,592229,coved001,coveydy01,14825,2017,2020,6/6/2019,9/16/2019,2019
Lucas Giolito,CHW,,Arm,10-day,,9/14 - 9/29,31,"$95,511 ",lucas,giolito,608337,gioll001,giolilu01,15474,2016,2020,,9/14/2019,2019
Kyle Gibson,MIN,,Stomach,10-day,,9/1 - 9/10,10,"$436,830 ",kyle,gibson,502043,gibsk002,gibsoky01,10123,2013,2020,,9/1/2019,2019
Collin McHugh,HOU,Elbow,Elbow,10-day,5/21 - 6/24,8/31 - 9/29,65,"$2,026,895 ",collin,mchugh,543521,mchuc001,mchugco01,7531,2012,2019,5/21/2019,8/31/2019,2019
Brad Peacock,HOU,Shoulder,Shoulder,10-day,6/28 - 8/18,8/28 - 9/22,78,"$1,304,160 ",brad,peacock,502748,peacb001,peacobr01,5401,2011,2020,6/28/2019,8/28/2019,2019
Jordan Yamamoto,MIA,,Arm,10-day,,8/28 - 9/21,25,"$74,600 ",jordan,yamamoto,657141,yamaj001,yamamjo01,17585,2019,2020,,8/28/2019,2019
German Marquez,COL,,Arm,10-day,,8/23 - 9/29,38,"$204,288 ",german,marquez,608566,marqg001,marquge01,15038,2016,2020,,8/23/2019,2019
Chris Archer,PIT,Thumb,Shoulder,10-day,4/27 - 5/15,8/21 - 9/29,59,"$2,379,057 ",chris,archer,502042,archc001,archech01,6345,2012,2019,4/27/2019,8/21/2019,2019
Jon Gray,COL,,Foot,60-day,,8/21 - 9/29,40,"$629,040 ",jon,gray,592351,grayj003,grayjo02,14916,2015,2020,,8/21/2019,2019
Kyle Freeland,COL,,Finger,10-day,,8/21 - 9/21,40,"$121,520 ",kyle,freeland,607536,freek001,freelky01,16256,2017,2020,,8/21/2019,2019
Aaron Sanchez,HOU,,Pectoral,10-day,,8/21 - 9/29,40,"$838,720 ",aaron,sanchez,592717,sanca006,sanchaa01,11490,2014,2019,,8/21/2019,2019
Griffin Canning,LAA,Elbow,Elbow,10-day,8/1 - 8/13,8/20 - 9/29,54,"$161,136 ",griffin,canning,656288,canng001,cannigr01,19867,2019,2020,8/1/2019,8/20/2019,2019
Chris Sale,BOS,,Elbow,60-day,,8/17 - 9/29,44,"$3,548,380 ",chris,sale,519242,salec001,salech01,10603,2010,2019,,8/17/2019,2019
Robbie Ray,ARI,,Back,10-day,,8/16 - 8/25,10,"$325,270 ",robbie,ray,592662,ray-r002,rayro02,11486,2014,2020,,8/16/2019,2019
Chad Bettis,COL,,Hip,60-day,,8/14 - 9/29,47,"$840,172 ",chad,bettis,518452,bettc001,bettich01,10587,2013,2019,,8/14/2019,2019
Jake Arrieta,PHI,,Elbow,60-day,,8/14 - 9/29,47,"$6,317,223 ",jake,arrieta,453562,arrij001,arrieja01,4153,2010,2020,,8/14/2019,2019
Jordan Zimmermann,DET,Elbow,Back,10-day,4/26 - 6/19,8/5 - 8/17,68,"$9,139,812 ",jordan,zimmermann,519455,zimmj003,zimmejo02,4505,2009,2020,4/26/2019,8/5/2019,2019
David Price,BOS,Elbow,Wrist,10-day,5/3 - 5/20,8/5 - 9/1,46,"$7,666,682 ",david,price,456034,pricd001,priceda01,3184,2008,2019,5/3/2019,8/5/2019,2019
Yonny Chirinos,TB,,Finger,10-day,,8/5 - 9/21,48,"$144,960 ",yonny,chirinos,630023,chiry001,chiriyo01,16401,2018,2020,,8/5/2019,2019
Zach Davies,MIL,,Back,10-day,,8/5 - 9/29,56,"$782,768 ",zach,davies,605200,daviz001,davieza02,13183,2015,2020,,8/5/2019,2019
Michael Pineda,MIN,,Arm,10-day,,8/3 - 8/16,25,"$1,075,275 ",michael,pineda,501381,pinem001,pinedmi01,5372,2011,2020,,8/3/2019,2019
Max Scherzer,WSH,Back,Back,10-day,7/10 - 7/25,7/29 - 8/23,42,"$6,833,526 ",max,scherzer,453286,schem001,scherma01,3137,2008,2020,7/10/2019,7/29/2019,2019
Ryan Borucki,TOR,,Elbow,60-day,,7/28 - 9/29,181,"$550,059 ",ryan,borucki,621366,borur001,borucry01,16350,2018,2020,,7/28/2019,2019
Jhoulys Chacin,MIL,,Back,10-day,,6/2 - 6/17,451,"$14,548,358 ",jhoulys,chacin,468504,chacj001,chacijh01,2608,2009,2020,,6/2/2019,2019
John Means,BAL,Shoulder,Biceps,10-day,6/17 - 6/28,7/25 - 8/7,26,"$77,662 ",john,means,607644,meanj001,meansjo01,16269,2018,2020,6/17/2019,7/25/2019,2019
Tyler Mahle,CIN,,Hamstring,10-day,,7/22 - 8/22,32,"$98,080 ",tyler,mahle,641816,mahlt001,mahlety01,16358,2017,2020,,7/22/2019,2019
Blake Snell,TB,,Elbow,10-day,,7/22 - 9/17,69,"$370,944 ",blake,snell,605483,snelb001,snellbl01,13543,2016,2020,,7/22/2019,2019
Andrew Heaney,LAA,Elbow,Shoulder,10-day,3/28 - 5/26,7/20 - 8/11,83,"$1,517,240 ",andrew,heaney,571760,heana001,heanean01,15423,2014,2020,3/28/2019,7/20/2019,2019
Spencer Turnbull,DET,Shoulder,Back,10-day,6/28 - 7/12,7/18 - 8/5,34,"$101,660 ",spencer,turnbull,605513,turns003,turnbsp01,16207,2018,2020,6/28/2019,7/18/2019,2019
Max Fried,ATL,,Finger,10-day,,7/16 - 7/27,12,"$36,456 ",max,fried,608331,friem001,friedma01,13743,2017,2020,,7/16/2019,2019
Dylan Bundy,BAL,,Knee,10-day,,7/13 - 7/23,11,"$165,594 ",dylan,bundy,605164,bundd001,bundydy01,12917,2012,2020,,7/13/2019,2019
Cody Anderson,CLE,,Elbow,60-day,,7/12 - 9/29,80,"$275,840 ",cody,anderson,594736,andec002,anderco01,12799,2015,2019,,7/12/2019,2019
Steven Brault,PIT,,Shoulder,10-day,,7/6 - 8/6,32,"$98,848 ",steven,brault,643230,braus002,braulst01,15291,2016,2020,,7/6/2019,2019
Jake Odorizzi,MIN,,Finger,10-day,,7/3 - 7/13,11,"$561,825 ",jake,odorizzi,543606,odorj001,odorija01,6397,2012,2020,,7/3/2019,2019
Cole Hamels,CHC,,Oblique,10-day,,6/29 - 8/2,35,"$3,763,445 ",cole,hamels,430935,hamec001,hamelco01,4972,2006,2020,,6/29/2019,2019
Brian Johnson,BOS,,Elbow,10-day,,4/6 - 6/14,108,"$333,828 ",brian,johnson,598271,johnb004,johnsbr02,14272,2015,2019,,4/6/2019,2019
Brian Johnson,BOS,,Elbow,10-day,,4/6 - 6/14,108,"$333,828 ",brian,johnson,116566,johnb002,johnsbr01,1006432,1994,2001,,4/6/2019,2019
Josh Rogers,BAL,,Elbow,60-day,,6/26 - 9/29,96,"$286,464 ",josh,rogers,642028,rogej003,rogerjo01,18510,2018,2019,,6/26/2019,2019
Rich Hill,LAD,,Arm,10-day,,6/20 - 9/12,117,"$11,322,558 ",rich,hill,448179,hillr001,hillri01,4806,2005,2020,,6/20/2019,2019
Pablo Lopez,MIA,,Shoulder,10-day,,6/19 - 8/26,69,"$205,896 ",pablo,lopez,641154,lopep002,lopezpa01,17085,2018,2020,,6/19/2019,2019
Mike Clevinger,CLE,,Back,60-day,,4/9 - 6/17,81,"$257,904 ",mike,clevinger,605182,clevm001,clevimi01,12808,2016,2020,,4/9/2019,2019
Edwin Jackson,TOR,,Back,10-day,,6/18 - 7/14,27,"$80,568 ",edwin,jackson,429719,jacke001,jacksed01,1841,2003,2019,,6/18/2019,2019
Jerad Eickhoff,PHI,,Biceps,60-day,,6/17 -,473,"$2,479,466 ",jerad,eickhoff,595191,eickj001,eickhje01,12664,2015,2019,,6/17/2019,2019
Kyle Hendricks,CHC,,Shoulder,10-day,,6/16 - 7/2,17,"$676,804 ",kyle,hendricks,543294,hendk001,hendrky01,12049,2014,2020,,6/16/2019,2019
Noah Syndergaard,NYM,,Hamstring,10-day,,6/16 - 6/30,15,"$483,870 ",noah,syndergaard,592789,syndn001,syndeno01,11762,2015,2019,,6/16/2019,2019
Adam Wainwright,STL,,Hamstring,10-day,,6/11 - 6/20,10,"$107,530 ",adam,wainwright,425794,waina001,wainwad01,2233,2005,2020,,6/11/2019,2019
Rookie Davis,PIT,,Finger,60-day,,6/9 - 8/13,66,"$196,944 ",rookie,davis,606959,davir004,davisro03,14962,2017,2019,,6/9/2019,2019
Jose Urena,MIA,,Back,60-day,,6/8 - 9/1,86,"$1,479,544 ",jose,urena,570632,urenj001,urenajo01,11589,2015,2020,,6/8/2019,2019
Gio Gonzalez,MIL,,Arm,10-day,,6/1 - 7/20,50,"$537,650 ",gio,gonzalez,461829,gonzg003,gonzagi01,7448,2008,2020,,6/1/2019,2019
Jacob Waguespack,TOR,,Shoulder,10-day,,5/29 - 7/3,36,"$107,424 ",jacob,waguespack,621097,waguj001,wagueja01,18318,2019,2020,,5/29/2019,2019
Zach Eflin,PHI,,Back,10-day,,5/28 - 6/7,11,"$34,892 ",zach,eflin,621107,efliz001,eflinza01,13774,2016,2020,,5/28/2019,2019
Luke Weaver,ARI,,Arm,60-day,,5/27 - 9/21,118,"$368,750 ",luke,weaver,596133,weavl001,weavelu01,16918,2016,2020,,5/27/2019,2019
Matt Harvey,LAA,,Back,10-day,,5/25 - 7/13,50,"$2,957,000 ",matt,harvey,518774,harvm001,harvema01,11713,2012,2020,,5/25/2019,2019
Trevor Williams,PIT,,Oblique,10-day,,5/17 - 6/19,34,"$106,760 ",trevor,williams,592866,willt002,willitr01,16977,2016,2020,,5/17/2019,2019
Jonathan Loaisiga,NYY,,Shoulder,60-day,,5/13 - 8/13,93,"$280,302 ",jonathan,loaisiga,642528,loaij001,loaisjo01,19753,2018,2020,,5/13/2019,2019
Felix Hernandez,SEA,,Shoulder,60-day,,5/12 - 8/24,105,"$15,241,905 ",felix,hernandez,433587,hernf002,hernafe02,4772,2005,2019,,5/12/2019,2019
Tyson Ross,DET,,Elbow,60-day,,5/12 - 9/29,141,"$4,358,874 ",tyson,ross,475115,rosst001,rossty01,7872,2010,2019,,5/12/2019,2019
Tyler Glasnow,TB,,Arm,60-day,,5/11 - 9/8,121,"$368,687 ",tyler,glasnow,607192,glast001,glasnty01,14374,2016,2020,,5/11/2019,2019
Allen Webster,CHC,,Arm,60-day,,5/11 -,510,"$1,782,450 ",allen,webster,543903,websa001,webstal01,3993,2013,2019,,5/11/2019,2019
Clay Buchholz,TOR,Arm,Shoulder,10-day,3/28 - 4/13,5/10 - 8/25,125,"$2,016,125 ",clay,buchholz,453329,buchc001,buchhcl01,3543,2007,2019,3/28/2019,5/10/2019,2019
Steven Matz,NYM,,Elbow,10-day,,5/9 - 5/18,10,"$141,130 ",steven,matz,571927,matzs001,matzst01,13361,2015,2020,,5/9/2019,2019
Jameson Taillon,PIT,,Elbow,60-day,,5/4 - 9/29,149,"$470,691 ",jameson,taillon,592791,tailj001,taillja01,11674,2016,2019,,5/4/2019,2019
Corey Kluber,CLE,,Arm,60-day,,5/3 - 9/29,150,"$13,709,700 ",corey,kluber,446372,klubc001,klubeco01,2429,2011,2020,,5/3/2019,2019
Chase Anderson,MIL,,Finger,10-day,,5/2 - 5/18,17,"$548,386 ",chase,anderson,502624,andec001,anderch01,6895,2014,2020,,5/2/2019,2019
Carlos Rodon,CHW,,Elbow,60-day,,5/2 - 9/29,151,"$3,409,731 ",carlos,rodon,607074,rodoc001,rodonca01,16137,2015,2020,,5/2/2019,2019
Drew Smyly,TEX,,Arm,10-day,,4/20 - 5/5,16,"$602,144 ",drew,smyly,592767,smyld001,smylydr01,11760,2012,2020,,4/20/2019,2019
Nathan Eovaldi,BOS,,Elbow,60-day,,4/20 - 7/20,92,"$8,408,616 ",nathan,eovaldi,543135,eovan001,eovalna01,9132,2011,2020,,4/20/2019,2019
Marco Estrada,OAK,,Back,60-day,,4/17 - 8/20,126,"$2,709,630 ",marco,estrada,462136,estrm001,estrama01,1118,2008,2019,,4/17/2019,2019
Jacob deGrom,NYM,,Elbow,10-day,,4/16 - 4/26,11,"$413,974 ",jacob,degrom,594798,degrj001,degroja01,10954,2014,2020,,4/16/2019,2019
Freddy Peralta,MIL,,Shoulder,10-day,,4/16 - 5/2,17,"$51,595 ",freddy,peralta,642547,peraf001,peralfr01,18679,2018,2020,,4/16/2019,2019
Wade LeBlanc,SEA,,Oblique,10-day,,4/14 - 5/18,35,"$376,355 ",wade,leblanc,453281,leblw001,leblawa01,5221,2008,2020,,4/14/2019,2019
Nate Karns,BAL,,Arm,60-day,,4/9 -,542,"$2,331,142 ",nate,karns,501992,karnn001,karnsna01,12638,2013,2019,,4/9/2019,2019
Mike Montgomery,CHC,,Shoulder,10-day,,4/6 - 5/8,33,"$432,894 ",mike,montgomery,543557,montm002,montgmi01,4869,2015,2020,,4/6/2019,2019
Justin Verlander,,,Healthy,,,,,,justin,verlander,434378,verlj001,verlaju01,8700,2005,2020,,,2019
Eduardo Rodriguez,,,Healthy,,,,,,eduardo,rodriguez,593958,rodre004,rodried05,13164,2015,2019,,,2019
Eduardo Rodriguez,,,Healthy,,,,,,eduardo,rodriguez,121350,rodre102,rodried01,1011102,1973,1979,,,2019
Marco Gonzales,,,Healthy,,,,,,marco,gonzales,594835,gonzm005,gonzama02,15467,2014,2020,,,2019
Aaron Nola,,,Healthy,,,,,,aaron,nola,605400,nolaa001,nolaaa01,16149,2015,2020,,,2019
Trevor Bauer,,,Healthy,,,,,,trevor,bauer,545333,bauet001,bauertr01,12703,2012,2020,,,2019
Madison Bumgarner,,,Healthy,,,,,,madison,bumgarner,518516,bumgm001,bumgama01,5524,2009,2020,,,2019
Ivan Nova,,,Healthy,,,,,,ivan,nova,467100,novai001,novaiv01,1994,2010,2020,,,2019
Gerrit Cole,,,Healthy,,,,,,gerrit,cole,543037,coleg001,colege01,13125,2013,2020,,,2019
Lance Lynn,,,Healthy,,,,,,lance,lynn,458681,lynnl001,lynnla01,2520,2011,2020,,,2019
Charlie Morton,,,Healthy,,,,,,charlie,morton,119424,mortc101,mortoch01,1009231,1882,1885,,,2019
Charlie Morton,,,Healthy,,,,,,charlie,morton,450203,mortc002,mortoch02,4676,2008,2020,,,2019
Stephen Strasburg,,,Healthy,,,,,,stephen,strasburg,544931,stras001,strasst01,10131,2010,2020,,,2019
Shane Bieber,,,Healthy,,,,,,shane,bieber,669456,biebs001,biebesh01,19427,2018,2020,,,2019
Zack Greinke,,,Healthy,,,,,,zack,greinke,425844,greiz001,greinza01,1943,2004,2020,,,2019
Patrick Corbin,,,Healthy,,,,,,patrick,corbin,571578,corbp001,corbipa01,9323,2012,2020,,,2019
Jack Flaherty,,,Healthy,,,,,,jack,flaherty,656427,flahj002,flaheja01,17479,2017,2020,,,2019
Reynaldo Lopez,,,Healthy,,,,,,reynaldo,lopez,625643,loper003,lopezre01,16400,2016,2020,,,2019
Wade Miley,,,Healthy,,,,,,wade,miley,489119,milew001,mileywa01,8779,2011,2020,,,2019
Mike Fiers,,,Healthy,,,,,,mike,fiers,571666,fierm001,fiersmi01,7754,2011,2020,,,2019
Julio Teheran,,,Healthy,,,,,,julio,teheran,527054,tehej001,teherju01,6797,2011,2020,,,2019
Jose Berrios,,,Healthy,,,,,,jose,berrios,621244,berrj001,berrijo01,14168,2016,2020,,,2019
Mike Minor,,,Healthy,,,,,,mike,minor,501985,minom001,minormi01,10021,2010,2020,,,2019
Luis Castillo,,,Healthy,,,,,,luis,castillo,112116,castl001,castilu01,513,1996,2010,,,2019
Luis Castillo,,,Healthy,,,,,,luis,castillo,622491,castl003,castilu02,15689,2017,2020,,,2019
Marcus Stroman,,,Healthy,,,,,,marcus,stroman,573186,strom001,stromma01,13431,2014,2019,,,2019
Miles Mikolas,,,Healthy,,,,,,miles,mikolas,571945,mikom001,mikolmi01,9803,2012,2019,,,2019
Sandy Alcantara,,,Healthy,,,,,,sandy,alcantara,645261,alcas001,alcansa01,18684,2017,2020,,,2019
Merrill Kelly,,,Healthy,,,,,,merrill,kelly,518876,kellm002,kellyme01,11156,2019,2020,,,2019
Rick Porcello,,,Healthy,,,,,,rick,porcello,519144,porcr001,porceri01,2717,2009,2020,,,2019
Jeff Samardzija,,,Healthy,,,,,,jeff,samardzija,502188,samaj001,samarje01,3254,2008,2020,,,2019
Dakota Hudson,,,Healthy,,,,,,dakota,hudson,641712,hudsd002,hudsoda02,19206,2018,2020,,,2019
Mike Leake,,,Healthy,,,,,,mike,leake,502190,leakm001,leakemi01,10130,2010,2019,,,2019
Yusei Kikuchi,,,Healthy,,,,,,yusei,kikuchi,579328,kikuy001,kikucyu01,20633,2019,2020,,,2019
Sonny Gray,,,Healthy,,,,,,sonny,gray,543243,grays001,grayso01,12768,2013,2020,,,2019
Jose Quintana,,,Healthy,,,,,,jose,quintana,500779,quinj001,quintjo01,11423,2012,2020,,,2019
Joe Musgrove,,,Healthy,,,,,,joe,musgrove,605397,musgj001,musgrjo01,12970,2016,2020,,,2019
Masahiro Tanaka,,,Healthy,,,,,,masahiro,tanaka,547888,tanam001,tanakma01,15764,2014,2020,,,2019
Homer Bailey,,,Healthy,,,,,,homer,bailey,456701,bailh001,baileho02,8362,2007,2020,,,2019
Jon Lester,,,Healthy,,,,,,jon,lester,452657,lestj001,lestejo01,4930,2006,2020,,,2019
Yu Darvish,,,Healthy,,,,,,yu,darvish,506433,darvy001,darviyu01,13074,2012,2020,,,2019
Anthony DeSclafani,,,Healthy,,,,,,anthony,desclafani,543101,desca001,desclan01,13050,2014,2020,,,2019
Brett Anderson,,,Healthy,,,,,,brett,anderson,474463,andeb004,anderbr04,8223,2009,2020,,,2019
Tanner Roark,,,Healthy,,,,,,tanner,roark,543699,roart001,roarkta01,8753,2013,2020,,,2019
Jakob Junis,,,Healthy,,,,,,jakob,junis,596001,junij001,junisja01,13619,2017,2020,,,2019
Walker Buehler,,,Healthy,,,,,,walker,buehler,621111,buehw001,buehlwa01,19374,2017,2020,,,2019
Anibal Sanchez,,,Healthy,,,,,,anibal,sanchez,434671,sanca004,sanchan01,3284,2006,2020,,,2019
Joey Lucchesi,,,Healthy,,,,,,joey,lucchesi,664192,luccj001,lucchjo01,19320,2018,2020,,,2019
Mike Soroka,,,Healthy,,,,,,mike,soroka,647336,sorom001,sorokmi01,18383,2018,2020,,,2019
James Paxton,,,Healthy,,,,,,james,paxton,572020,paxtj001,paxtoja01,11828,2013,2020,,,2019
Eric Lauer,,,Healthy,,,,,,eric,lauer,641778,lauee001,lauerer01,19316,2018,2020,,,2019
Trent Thornton,,,Healthy,,,,,,trent,thornton,663423,thort002,thorntr01,17948,2019,2020,,,2019
Daniel Norris,,,Healthy,,,,,,daniel,norris,596057,norrd002,norrida01,13475,2014,2020,,,2019
Martin Perez,,,Healthy,,,,,,martin,perez,527048,perem004,perezma02,6902,2012,2020,,,2019
Jason Vargas,,,Healthy,,,,,,jason,vargas,450306,vargj001,vargaja01,8044,2005,2019,,,2019
Clayton Kershaw,,,Healthy,,,,,,clayton,kershaw,477132,kersc001,kershcl01,2036,2008,2020,,,2019
Brad Keller,,,Healthy,,,,,,brad,keller,641745,kellb003,kellebr01,15734,2018,2020,,,2019
Jordan Lyles,,,Healthy,,,,,,jordan,lyles,543475,lylej001,lylesjo01,7593,2011,2020,,,2019
Caleb Smith,,,Healthy,,,,,,caleb,smith,592761,smitc006,smithca03,14875,2017,2020,,,2019
Kenta Maeda,,,Healthy,,,,,,kenta,maeda,628317,maedk001,maedake01,18498,2016,2020,,,2019
Chris Paddack,,,Healthy,,,,,,chris,paddack,663978,paddc001,paddach01,20099,2019,2020,,,2019
Chris Bassitt,,,Healthy,,,,,,chris,bassitt,605135,bassc001,bassich01,12304,2014,2020,,,2019
Antonio Senzatela,,,Healthy,,,,,,antonio,senzatela,622608,senza001,senzaan01,15488,2017,2020,,,2019
Domingo German,,,Healthy,,,,,,domingo,german,593334,germd001,germado01,17149,2017,2019,,,2019
Michael Wacha,,,Healthy,,,,,,michael,wacha,608379,wachm001,wachami01,14078,2013,2020,,,2019
Andrew Cashner,,,Healthy,,,,,,andrew,cashner,488768,casha001,cashnan01,8782,2010,2019,,,2019
Trevor Richards,,,Healthy,,,,,,trevor,richards,670950,richt001,richatr01,19309,2018,2020,,,2019
Danny Duffy,,,Healthy,,,,,,danny,duffy,518633,duffd001,duffyda01,3542,2011,2020,,,2019
Vince Velasquez,,,Healthy,,,,,,vince,velasquez,592826,velav001,velasvi01,11189,2015,2020,,,2019
Glenn Sparkman,,,Healthy,,,,,,glenn,sparkman,642098,sparg001,sparkgl01,15200,2017,2020,,,2019
Brandon Woodruff,,,Healthy,,,,,,brandon,woodruff,605540,woodb005,woodrbr01,16162,2017,2020,,,2019
CC Sabathia,,,Healthy,,,,,,cc,sabathia,282332,sabac001,sabatc.01,404,2001,2019,,,2019
Tyler Beede,,,Healthy,,,,,,tyler,beede,595881,beedt001,beedety01,16981,2018,2019,,,2019
Zach Plesac,,,Healthy,,,,,,zach,plesac,668676,plesz001,plesaza01,19979,2019,2020,,,2019
Mike Foltynewicz,,,Healthy,,,,,,mike,foltynewicz,592314,foltm001,foltymi01,10811,2014,2020,,,2019
Adam Plutko,,,Healthy,,,,,,adam,plutko,592644,pluta001,plutkad01,15846,2016,2020,,,2019
Dallas Keuchel,,,Healthy,,,,,,dallas,keuchel,572971,keucd001,keuchda01,9434,2012,2020,,,2019
Adrian Houser,,,Healthy,,,,,,adrian,houser,605288,housa001,housead01,12718,2015,2020,,,2019
Cal Quantrill,,,Healthy,,,,,,cal,quantrill,615698,quanc001,quantca01,19312,2019,2020,,,2019
Ariel Jurado,,,Healthy,,,,,,ariel,jurado,642558,juraa001,juradar01,17030,2018,2020,,,2019
Drew Pomeranz,,,Healthy,,,,,,drew,pomeranz,519141,pomed001,pomerdr01,11426,2011,2020,,,2019
Aaron Brooks,,,Healthy,,,,,,aaron,brooks,605156,brooa001,brookaa01,12272,2014,2019,,,2019
Jorge Lopez,,,Healthy,,,,,,jorge,lopez,605347,lopej004,lopezjo02,14527,2015,2020,,,2019
Kevin Gausman,,,Healthy,,,,,,kevin,gausman,592332,gausk001,gausmke01,14107,2013,2020,,,2019
Matt Strahm,,,Healthy,,,,,,matt,strahm,621381,stram001,strahma01,13799,2016,2020,,,2019
Adrian Sampson,,,Healthy,,,,,,adrian,sampson,592716,sampa001,sampsad01,13339,2016,2019,,,2019
Ryan Yarbrough,,,Healthy,,,,,,ryan,yarbrough,642232,yarbr001,yarbrry01,16502,2018,2020,,,2019
Gabriel Ynoa,,,Healthy,,,,,,gabriel,ynoa,593679,ynoag001,ynoaga01,12938,2016,2019,,,2019
Trevor Cahill,,,Healthy,,,,,,trevor,cahill,502239,cahit001,cahiltr01,6249,2009,2020,,,2019
Tommy Milone,,,Healthy,,,,,,tommy,milone,543548,milot001,milonto01,7608,2011,2020,,,2019
Jalen Beeks,,,Healthy,,,,,,jalen,beeks,656222,beekj001,beeksja02,17192,2018,2020,,,2019
